Schedule_ID,Route_Code,Stop_ID,Trip_Number,Direction,Operating_Days,Departure_Time
SCH-BL-O01-01,BLUE,B-01,1,Outbound,Daily,08:00
SCH-BL-O01-02,BLUE,B-02,1,Outbound,Daily,08:01
SCH-BL-O01-03,BLUE,B-03,1,Outbound,Daily,08:01
SCH-BL-O01-04,BLUE,B-04,1,Outbound,Daily,08:02
SCH-BL-O01-05,BLUE,B-05,1,Outbound,Daily,08:02
SCH-BL-O01-06,BLUE,B-06,1,Outbound,Daily,08:02
SCH-BL-O01-07,BLUE,B-07,1,Outbound,Daily,08:03
SCH-BL-O01-08,BLUE,B-08,1,Outbound,Daily,08:04
SCH-BL-O01-09,BLUE,B-09,1,Outbound,Daily,08:07
SCH-BL-O01-10,BLUE,B-10,1,Outbound,Daily,08:20
SCH-BL-O02-01,BLUE,B-01,2,Outbound,Daily,08:30
SCH-BL-O02-02,BLUE,B-02,2,Outbound,Daily,08:31
SCH-BL-O02-03,BLUE,B-03,2,Outbound,Daily,08:31
SCH-BL-O02-04,BLUE,B-04,2,Outbound,Daily,08:32
SCH-BL-O02-05,BLUE,B-05,2,Outbound,Daily,08:32
SCH-BL-O02-06,BLUE,B-06,2,Outbound,Daily,08:32
SCH-BL-O02-07,BLUE,B-07,2,Outbound,Daily,08:33
SCH-BL-O02-08,BLUE,B-08,2,Outbound,Daily,08:34
SCH-BL-O02-09,BLUE,B-09,2,Outbound,Daily,08:37
SCH-BL-O02-10,BLUE,B-10,2,Outbound,Daily,08:50
SCH-BL-O03-01,BLUE,B-01,3,Outbound,Daily,09:00
SCH-BL-O03-02,BLUE,B-02,3,Outbound,Daily,09:01
SCH-BL-O03-03,BLUE,B-03,3,Outbound,Daily,09:01
SCH-BL-O03-04,BLUE,B-04,3,Outbound,Daily,09:02
SCH-BL-O03-05,BLUE,B-05,3,Outbound,Daily,09:02
SCH-BL-O03-06,BLUE,B-06,3,Outbound,Daily,09:02
SCH-BL-O03-07,BLUE,B-07,3,Outbound,Daily,09:03
SCH-BL-O03-08,BLUE,B-08,3,Outbound,Daily,09:04
SCH-BL-O03-09,BLUE,B-09,3,Outbound,Daily,09:07
SCH-BL-O03-10,BLUE,B-10,3,Outbound,Daily,09:20
SCH-BL-O04-01,BLUE,B-01,4,Outbound,Daily,09:30
SCH-BL-O04-02,BLUE,B-02,4,Outbound,Daily,09:31
SCH-BL-O04-03,BLUE,B-03,4,Outbound,Daily,09:31
SCH-BL-O04-04,BLUE,B-04,4,Outbound,Daily,09:32
SCH-BL-O04-05,BLUE,B-05,4,Outbound,Daily,09:32
SCH-BL-O04-06,BLUE,B-06,4,Outbound,Daily,09:32
SCH-BL-O04-07,BLUE,B-07,4,Outbound,Daily,09:33
SCH-BL-O04-08,BLUE,B-08,4,Outbound,Daily,09:34
SCH-BL-O04-09,BLUE,B-09,4,Outbound,Daily,09:37
SCH-BL-O04-10,BLUE,B-10,4,Outbound,Daily,09:50
SCH-BL-O05-01,BLUE,B-01,5,Outbound,Daily,10:00
SCH-BL-O05-02,BLUE,B-02,5,Outbound,Daily,10:01
SCH-BL-O05-03,BLUE,B-03,5,Outbound,Daily,10:01
SCH-BL-O05-04,BLUE,B-04,5,Outbound,Daily,10:02
SCH-BL-O05-05,BLUE,B-05,5,Outbound,Daily,10:02
SCH-BL-O05-06,BLUE,B-06,5,Outbound,Daily,10:02
SCH-BL-O05-07,BLUE,B-07,5,Outbound,Daily,10:03
SCH-BL-O05-08,BLUE,B-08,5,Outbound,Daily,10:04
SCH-BL-O05-09,BLUE,B-09,5,Outbound,Daily,10:07
SCH-BL-O05-10,BLUE,B-10,5,Outbound,Daily,10:20
SCH-BL-O06-01,BLUE,B-01,6,Outbound,Daily,10:30
SCH-BL-O06-02,BLUE,B-02,6,Outbound,Daily,10:31
SCH-BL-O06-03,BLUE,B-03,6,Outbound,Daily,10:31
SCH-BL-O06-04,BLUE,B-04,6,Outbound,Daily,10:32
SCH-BL-O06-05,BLUE,B-05,6,Outbound,Daily,10:32
SCH-BL-O06-06,BLUE,B-06,6,Outbound,Daily,10:32
SCH-BL-O06-07,BLUE,B-07,6,Outbound,Daily,10:33
SCH-BL-O06-08,BLUE,B-08,6,Outbound,Daily,10:34
SCH-BL-O06-09,BLUE,B-09,6,Outbound,Daily,10:37
SCH-BL-O06-10,BLUE,B-10,6,Outbound,Daily,10:50
SCH-BL-O07-01,BLUE,B-01,7,Outbound,Daily,12:00
SCH-BL-O07-02,BLUE,B-02,7,Outbound,Daily,12:01
SCH-BL-O07-03,BLUE,B-03,7,Outbound,Daily,12:01
SCH-BL-O07-04,BLUE,B-04,7,Outbound,Daily,12:02
SCH-BL-O07-05,BLUE,B-05,7,Outbound,Daily,12:02
SCH-BL-O07-06,BLUE,B-06,7,Outbound,Daily,12:02
SCH-BL-O07-07,BLUE,B-07,7,Outbound,Daily,12:03
SCH-BL-O07-08,BLUE,B-08,7,Outbound,Daily,12:04
SCH-BL-O07-09,BLUE,B-09,7,Outbound,Daily,12:07
SCH-BL-O07-10,BLUE,B-10,7,Outbound,Daily,12:20
SCH-BL-O08-01,BLUE,B-01,8,Outbound,Daily,13:30
SCH-BL-O08-02,BLUE,B-02,8,Outbound,Daily,13:31
SCH-BL-O08-03,BLUE,B-03,8,Outbound,Daily,13:31
SCH-BL-O08-04,BLUE,B-04,8,Outbound,Daily,13:32
SCH-BL-O08-05,BLUE,B-05,8,Outbound,Daily,13:32
SCH-BL-O08-06,BLUE,B-06,8,Outbound,Daily,13:32
SCH-BL-O08-07,BLUE,B-07,8,Outbound,Daily,13:33
SCH-BL-O08-08,BLUE,B-08,8,Outbound,Daily,13:34
SCH-BL-O08-09,BLUE,B-09,8,Outbound,Daily,13:37
SCH-BL-O08-10,BLUE,B-10,8,Outbound,Daily,13:50
SCH-BL-O09-01,BLUE,B-01,9,Outbound,Daily,15:30
SCH-BL-O09-02,BLUE,B-02,9,Outbound,Daily,15:31
SCH-BL-O09-03,BLUE,B-03,9,Outbound,Daily,15:31
SCH-BL-O09-04,BLUE,B-04,9,Outbound,Daily,15:32
SCH-BL-O09-05,BLUE,B-05,9,Outbound,Daily,15:32
SCH-BL-O09-06,BLUE,B-06,9,Outbound,Daily,15:32
SCH-BL-O09-07,BLUE,B-07,9,Outbound,Daily,15:33
SCH-BL-O09-08,BLUE,B-08,9,Outbound,Daily,15:34
SCH-BL-O09-09,BLUE,B-09,9,Outbound,Daily,15:37
SCH-BL-O09-10,BLUE,B-10,9,Outbound,Daily,15:50
SCH-BL-O10-01,BLUE,B-01,10,Outbound,Daily,16:00
SCH-BL-O10-02,BLUE,B-02,10,Outbound,Daily,16:01
SCH-BL-O10-03,BLUE,B-03,10,Outbound,Daily,16:01
SCH-BL-O10-04,BLUE,B-04,10,Outbound,Daily,16:02
SCH-BL-O10-05,BLUE,B-05,10,Outbound,Daily,16:02
SCH-BL-O10-06,BLUE,B-06,10,Outbound,Daily,16:02
SCH-BL-O10-07,BLUE,B-07,10,Outbound,Daily,16:03
SCH-BL-O10-08,BLUE,B-08,10,Outbound,Daily,16:04
SCH-BL-O10-09,BLUE,B-09,10,Outbound,Daily,16:07
SCH-BL-O10-10,BLUE,B-10,10,Outbound,Daily,16:20
SCH-BL-O11-01,BLUE,B-01,11,Outbound,Daily,16:30
SCH-BL-O11-02,BLUE,B-02,11,Outbound,Daily,16:31
SCH-BL-O11-03,BLUE,B-03,11,Outbound,Daily,16:31
SCH-BL-O11-04,BLUE,B-04,11,Outbound,Daily,16:32
SCH-BL-O11-05,BLUE,B-05,11,Outbound,Daily,16:32
SCH-BL-O11-06,BLUE,B-06,11,Outbound,Daily,16:32
SCH-BL-O11-07,BLUE,B-07,11,Outbound,Daily,16:33
SCH-BL-O11-08,BLUE,B-08,11,Outbound,Daily,16:34
SCH-BL-O11-09,BLUE,B-09,11,Outbound,Daily,16:37
SCH-BL-O11-10,BLUE,B-10,11,Outbound,Daily,16:50
SCH-BL-O12-01,BLUE,B-01,12,Outbound,Daily,17:00
SCH-BL-O12-02,BLUE,B-02,12,Outbound,Daily,17:01
SCH-BL-O12-03,BLUE,B-03,12,Outbound,Daily,17:01
SCH-BL-O12-04,BLUE,B-04,12,Outbound,Daily,17:02
SCH-BL-O12-05,BLUE,B-05,12,Outbound,Daily,17:02
SCH-BL-O12-06,BLUE,B-06,12,Outbound,Daily,17:02
SCH-BL-O12-07,BLUE,B-07,12,Outbound,Daily,17:03
SCH-BL-O12-08,BLUE,B-08,12,Outbound,Daily,17:04
SCH-BL-O12-09,BLUE,B-09,12,Outbound,Daily,17:07
SCH-BL-O12-10,BLUE,B-10,12,Outbound,Daily,17:20
SCH-BL-I01-10,BLUE,B-10,1,Inbound,Daily,08:35
SCH-BL-I01-09,BLUE,B-09,1,Inbound,Daily,08:36
SCH-BL-I01-08,BLUE,B-08,1,Inbound,Daily,08:37
SCH-BL-I01-07,BLUE,B-07,1,Inbound,Daily,08:40
SCH-BL-I01-11,BLUE,B-11,1,Inbound,Daily,08:42
SCH-BL-I01-12,BLUE,B-12,1,Inbound,Daily,08:42
SCH-BL-I01-01,BLUE,B-01,1,Inbound,Daily,08:45
SCH-BL-I02-10,BLUE,B-10,2,Inbound,Daily,09:05
SCH-BL-I02-09,BLUE,B-09,2,Inbound,Daily,09:06
SCH-BL-I02-08,BLUE,B-08,2,Inbound,Daily,09:07
SCH-BL-I02-07,BLUE,B-07,2,Inbound,Daily,09:10
SCH-BL-I02-11,BLUE,B-11,2,Inbound,Daily,09:12
SCH-BL-I02-12,BLUE,B-12,2,Inbound,Daily,09:12
SCH-BL-I02-01,BLUE,B-01,2,Inbound,Daily,09:15
SCH-BL-I03-10,BLUE,B-10,3,Inbound,Daily,09:35
SCH-BL-I03-09,BLUE,B-09,3,Inbound,Daily,09:36
SCH-BL-I03-08,BLUE,B-08,3,Inbound,Daily,09:37
SCH-BL-I03-07,BLUE,B-07,3,Inbound,Daily,09:40
SCH-BL-I03-11,BLUE,B-11,3,Inbound,Daily,09:42
SCH-BL-I03-12,BLUE,B-12,3,Inbound,Daily,09:42
SCH-BL-I03-01,BLUE,B-01,3,Inbound,Daily,09:45
SCH-BL-I04-10,BLUE,B-10,4,Inbound,Daily,10:05
SCH-BL-I04-09,BLUE,B-09,4,Inbound,Daily,10:06
SCH-BL-I04-08,BLUE,B-08,4,Inbound,Daily,10:07
SCH-BL-I04-07,BLUE,B-07,4,Inbound,Daily,10:10
SCH-BL-I04-11,BLUE,B-11,4,Inbound,Daily,10:12
SCH-BL-I04-12,BLUE,B-12,4,Inbound,Daily,10:12
SCH-BL-I04-01,BLUE,B-01,4,Inbound,Daily,10:15
SCH-BL-I05-10,BLUE,B-10,5,Inbound,Daily,10:35
SCH-BL-I05-09,BLUE,B-09,5,Inbound,Daily,10:36
SCH-BL-I05-08,BLUE,B-08,5,Inbound,Daily,10:37
SCH-BL-I05-07,BLUE,B-07,5,Inbound,Daily,10:40
SCH-BL-I05-11,BLUE,B-11,5,Inbound,Daily,10:42
SCH-BL-I05-12,BLUE,B-12,5,Inbound,Daily,10:42
SCH-BL-I05-01,BLUE,B-01,5,Inbound,Daily,10:45
SCH-BL-I06-10,BLUE,B-10,6,Inbound,Daily,11:05
SCH-BL-I06-09,BLUE,B-09,6,Inbound,Daily,11:06
SCH-BL-I06-08,BLUE,B-08,6,Inbound,Daily,11:07
SCH-BL-I06-07,BLUE,B-07,6,Inbound,Daily,11:10
SCH-BL-I06-11,BLUE,B-11,6,Inbound,Daily,11:12
SCH-BL-I06-12,BLUE,B-12,6,Inbound,Daily,11:12
SCH-BL-I06-01,BLUE,B-01,6,Inbound,Daily,11:15
SCH-BL-I07-10,BLUE,B-10,7,Inbound,Daily,12:35
SCH-BL-I07-09,BLUE,B-09,7,Inbound,Daily,12:36
SCH-BL-I07-08,BLUE,B-08,7,Inbound,Daily,12:37
SCH-BL-I07-07,BLUE,B-07,7,Inbound,Daily,12:40
SCH-BL-I07-11,BLUE,B-11,7,Inbound,Daily,12:42
SCH-BL-I07-12,BLUE,B-12,7,Inbound,Daily,12:42
SCH-BL-I07-01,BLUE,B-01,7,Inbound,Daily,12:45
SCH-BL-I08-10,BLUE,B-10,8,Inbound,Daily,14:05
SCH-BL-I08-09,BLUE,B-09,8,Inbound,Daily,14:06
SCH-BL-I08-08,BLUE,B-08,8,Inbound,Daily,14:07
SCH-BL-I08-07,BLUE,B-07,8,Inbound,Daily,14:10
SCH-BL-I08-11,BLUE,B-11,8,Inbound,Daily,14:12
SCH-BL-I08-12,BLUE,B-12,8,Inbound,Daily,14:12
SCH-BL-I08-01,BLUE,B-01,8,Inbound,Daily,14:15
SCH-BL-I09-10,BLUE,B-10,9,Inbound,Daily,16:05
SCH-BL-I09-09,BLUE,B-09,9,Inbound,Daily,16:06
SCH-BL-I09-08,BLUE,B-08,9,Inbound,Daily,16:07
SCH-BL-I09-07,BLUE,B-07,9,Inbound,Daily,16:40
SCH-BL-I09-11,BLUE,B-11,9,Inbound,Daily,16:12
SCH-BL-I09-12,BLUE,B-12,9,Inbound,Daily,16:12
SCH-BL-I09-01,BLUE,B-01,9,Inbound,Daily,16:15
SCH-BL-I10-10,BLUE,B-10,10,Inbound,Daily,16:35
SCH-BL-I10-09,BLUE,B-09,10,Inbound,Daily,16:36
SCH-BL-I10-08,BLUE,B-08,10,Inbound,Daily,16:37
SCH-BL-I10-07,BLUE,B-07,10,Inbound,Daily,16:40
SCH-BL-I10-11,BLUE,B-11,10,Inbound,Daily,16:42
SCH-BL-I10-12,BLUE,B-12,10,Inbound,Daily,16:42
SCH-BL-I10-01,BLUE,B-01,10,Inbound,Daily,16:45
SCH-BL-I11-10,BLUE,B-10,11,Inbound,Daily,17:05
SCH-BL-I11-09,BLUE,B-09,11,Inbound,Daily,17:06
SCH-BL-I11-08,BLUE,B-08,11,Inbound,Daily,17:07
SCH-BL-I11-07,BLUE,B-07,11,Inbound,Daily,17:10
SCH-BL-I11-11,BLUE,B-11,11,Inbound,Daily,17:12
SCH-BL-I11-12,BLUE,B-12,11,Inbound,Daily,17:12
SCH-BL-I11-01,BLUE,B-01,11,Inbound,Daily,17:15
SCH-BL-I12-10,BLUE,B-10,12,Inbound,Daily,17:35
SCH-BL-I12-09,BLUE,B-09,12,Inbound,Daily,17:36
SCH-BL-I12-08,BLUE,B-08,12,Inbound,Daily,17:37
SCH-BL-I12-07,BLUE,B-07,12,Inbound,Daily,17:40
SCH-BL-I12-11,BLUE,B-11,12,Inbound,Daily,17:42
SCH-BL-I12-12,BLUE,B-12,12,Inbound,Daily,17:42
SCH-BL-I12-01,BLUE,B-01,12,Inbound,Daily,17:45
SCH-OR-O01-01,ORANGE,B-01,1,Outbound,Daily,08:15
SCH-OR-O01-02,ORANGE,B-02,1,Outbound,Daily,08:16
SCH-OR-O01-12,ORANGE,B-12,1,Outbound,Daily,08:16
SCH-OR-O01-11,ORANGE,B-11,1,Outbound,Daily,08:20
SCH-OR-O01-07,ORANGE,B-07,1,Outbound,Daily,08:23
SCH-OR-O01-08,ORANGE,B-08,1,Outbound,Daily,08:24
SCH-OR-O01-09,ORANGE,B-09,1,Outbound,Daily,08:26
SCH-OR-O01-10,ORANGE,B-10,1,Outbound,Daily,08:39
SCH-OR-O02-01,ORANGE,B-01,2,Outbound,Daily,08:45
SCH-OR-O02-02,ORANGE,B-02,2,Outbound,Daily,08:46
SCH-OR-O02-12,ORANGE,B-12,2,Outbound,Daily,08:46
SCH-OR-O02-11,ORANGE,B-11,2,Outbound,Daily,08:50
SCH-OR-O02-07,ORANGE,B-07,2,Outbound,Daily,08:53
SCH-OR-O02-08,ORANGE,B-08,2,Outbound,Daily,08:54
SCH-OR-O02-09,ORANGE,B-09,2,Outbound,Daily,08:56
SCH-OR-O02-10,ORANGE,B-10,2,Outbound,Daily,09:09
SCH-OR-O03-01,ORANGE,B-01,3,Outbound,Daily,09:15
SCH-OR-O03-02,ORANGE,B-02,3,Outbound,Daily,09:16
SCH-OR-O03-12,ORANGE,B-12,3,Outbound,Daily,09:16
SCH-OR-O03-11,ORANGE,B-11,3,Outbound,Daily,09:20
SCH-OR-O03-07,ORANGE,B-07,3,Outbound,Daily,09:23
SCH-OR-O03-08,ORANGE,B-08,3,Outbound,Daily,09:24
SCH-OR-O03-09,ORANGE,B-09,3,Outbound,Daily,09:26
SCH-OR-O03-10,ORANGE,B-10,3,Outbound,Daily,09:39
SCH-OR-O04-01,ORANGE,B-01,4,Outbound,Daily,09:45
SCH-OR-O04-02,ORANGE,B-02,4,Outbound,Daily,09:46
SCH-OR-O04-12,ORANGE,B-12,4,Outbound,Daily,09:46
SCH-OR-O04-11,ORANGE,B-11,4,Outbound,Daily,09:50
SCH-OR-O04-07,ORANGE,B-07,4,Outbound,Daily,09:53
SCH-OR-O04-08,ORANGE,B-08,4,Outbound,Daily,09:54
SCH-OR-O04-09,ORANGE,B-09,4,Outbound,Daily,09:56
SCH-OR-O04-10,ORANGE,B-10,4,Outbound,Daily,10:09
SCH-OR-O05-01,ORANGE,B-01,5,Outbound,Daily,10:15
SCH-OR-O05-02,ORANGE,B-02,5,Outbound,Daily,10:16
SCH-OR-O05-12,ORANGE,B-12,5,Outbound,Daily,10:16
SCH-OR-O05-11,ORANGE,B-11,5,Outbound,Daily,10:20
SCH-OR-O05-07,ORANGE,B-07,5,Outbound,Daily,10:23
SCH-OR-O05-08,ORANGE,B-08,5,Outbound,Daily,10:24
SCH-OR-O05-09,ORANGE,B-09,5,Outbound,Daily,10:26
SCH-OR-O05-10,ORANGE,B-10,5,Outbound,Daily,10:39
SCH-OR-O06-01,ORANGE,B-01,6,Outbound,Daily,10:45
SCH-OR-O06-02,ORANGE,B-02,6,Outbound,Daily,10:46
SCH-OR-O06-12,ORANGE,B-12,6,Outbound,Daily,10:46
SCH-OR-O06-11,ORANGE,B-11,6,Outbound,Daily,10:50
SCH-OR-O06-07,ORANGE,B-07,6,Outbound,Daily,10:53
SCH-OR-O06-08,ORANGE,B-08,6,Outbound,Daily,10:54
SCH-OR-O06-09,ORANGE,B-09,6,Outbound,Daily,10:56
SCH-OR-O06-10,ORANGE,B-10,6,Outbound,Daily,11:09
SCH-OR-O07-01,ORANGE,B-01,7,Outbound,Daily,12:45
SCH-OR-O07-02,ORANGE,B-02,7,Outbound,Daily,12:46
SCH-OR-O07-12,ORANGE,B-12,7,Outbound,Daily,12:46
SCH-OR-O07-11,ORANGE,B-11,7,Outbound,Daily,12:50
SCH-OR-O07-07,ORANGE,B-07,7,Outbound,Daily,12:53
SCH-OR-O07-08,ORANGE,B-08,7,Outbound,Daily,12:54
SCH-OR-O07-09,ORANGE,B-09,7,Outbound,Daily,12:56
SCH-OR-O07-10,ORANGE,B-10,7,Outbound,Daily,13:09
SCH-OR-O08-01,ORANGE,B-01,8,Outbound,Daily,14:15
SCH-OR-O08-02,ORANGE,B-02,8,Outbound,Daily,14:16
SCH-OR-O08-12,ORANGE,B-12,8,Outbound,Daily,14:16
SCH-OR-O08-11,ORANGE,B-11,8,Outbound,Daily,14:20
SCH-OR-O08-07,ORANGE,B-07,8,Outbound,Daily,14:23
SCH-OR-O08-08,ORANGE,B-08,8,Outbound,Daily,14:24
SCH-OR-O08-09,ORANGE,B-09,8,Outbound,Daily,14:26
SCH-OR-O08-10,ORANGE,B-10,8,Outbound,Daily,14:39
SCH-OR-O09-01,ORANGE,B-01,9,Outbound,Daily,15:45
SCH-OR-O09-02,ORANGE,B-02,9,Outbound,Daily,15:46
SCH-OR-O09-12,ORANGE,B-12,9,Outbound,Daily,15:46
SCH-OR-O09-11,ORANGE,B-11,9,Outbound,Daily,15:50
SCH-OR-O09-07,ORANGE,B-07,9,Outbound,Daily,15:53
SCH-OR-O09-08,ORANGE,B-08,9,Outbound,Daily,15:54
SCH-OR-O09-09,ORANGE,B-09,9,Outbound,Daily,15:56
SCH-OR-O09-10,ORANGE,B-10,9,Outbound,Daily,16:09
SCH-OR-O10-01,ORANGE,B-01,10,Outbound,Daily,16:15
SCH-OR-O10-02,ORANGE,B-02,10,Outbound,Daily,16:16
SCH-OR-O10-12,ORANGE,B-12,10,Outbound,Daily,16:16
SCH-OR-O10-11,ORANGE,B-11,10,Outbound,Daily,16:20
SCH-OR-O10-07,ORANGE,B-07,10,Outbound,Daily,16:23
SCH-OR-O10-08,ORANGE,B-08,10,Outbound,Daily,16:24
SCH-OR-O10-09,ORANGE,B-09,10,Outbound,Daily,16:26
SCH-OR-O10-10,ORANGE,B-10,10,Outbound,Daily,16:39
SCH-OR-O11-01,ORANGE,B-01,11,Outbound,Daily,16:45
SCH-OR-O11-02,ORANGE,B-02,11,Outbound,Daily,16:46
SCH-OR-O11-12,ORANGE,B-12,11,Outbound,Daily,16:46
SCH-OR-O11-11,ORANGE,B-11,11,Outbound,Daily,16:50
SCH-OR-O11-07,ORANGE,B-07,11,Outbound,Daily,16:53
SCH-OR-O11-08,ORANGE,B-08,11,Outbound,Daily,16:54
SCH-OR-O11-09,ORANGE,B-09,11,Outbound,Daily,16:56
SCH-OR-O11-10,ORANGE,B-10,11,Outbound,Daily,17:09
SCH-OR-O12-01,ORANGE,B-01,12,Outbound,Daily,17:15
SCH-OR-O12-02,ORANGE,B-02,12,Outbound,Daily,17:16
SCH-OR-O12-12,ORANGE,B-12,12,Outbound,Daily,17:16
SCH-OR-O12-11,ORANGE,B-11,12,Outbound,Daily,17:20
SCH-OR-O12-07,ORANGE,B-07,12,Outbound,Daily,17:23
SCH-OR-O12-08,ORANGE,B-08,12,Outbound,Daily,17:24
SCH-OR-O12-09,ORANGE,B-09,12,Outbound,Daily,17:26
SCH-OR-O12-10,ORANGE,B-10,12,Outbound,Daily,17:39
SCH-OR-I01-10,ORANGE,B-10,1,Inbound,Daily,08:54
SCH-OR-I01-09,ORANGE,B-09,1,Inbound,Daily,08:55
SCH-OR-I01-08,ORANGE,B-08,1,Inbound,Daily,08:56
SCH-OR-I01-07,ORANGE,B-07,1,Inbound,Daily,08:56
SCH-OR-I01-06,ORANGE,B-06,1,Inbound,Daily,08:56
SCH-OR-I01-05,ORANGE,B-05,1,Inbound,Daily,08:57
SCH-OR-I01-04,ORANGE,B-04,1,Inbound,Daily,08:57
SCH-OR-I01-03,ORANGE,B-03,1,Inbound,Daily,08:57
SCH-OR-I01-01,ORANGE,B-01,1,Inbound,Daily,09:00
SCH-OR-I02-10,ORANGE,B-10,2,Inbound,Daily,09:24
SCH-OR-I02-09,ORANGE,B-09,2,Inbound,Daily,09:25
SCH-OR-I02-08,ORANGE,B-08,2,Inbound,Daily,09:26
SCH-OR-I02-07,ORANGE,B-07,2,Inbound,Daily,09:26
SCH-OR-I02-06,ORANGE,B-06,2,Inbound,Daily,09:26
SCH-OR-I02-05,ORANGE,B-05,2,Inbound,Daily,09:27
SCH-OR-I02-04,ORANGE,B-04,2,Inbound,Daily,09:27
SCH-OR-I02-03,ORANGE,B-03,2,Inbound,Daily,09:27
SCH-OR-I02-01,ORANGE,B-01,2,Inbound,Daily,09:30
SCH-OR-I03-10,ORANGE,B-10,3,Inbound,Daily,09:54
SCH-OR-I03-09,ORANGE,B-09,3,Inbound,Daily,09:55
SCH-OR-I03-08,ORANGE,B-08,3,Inbound,Daily,09:56
SCH-OR-I03-07,ORANGE,B-07,3,Inbound,Daily,09:56
SCH-OR-I03-06,ORANGE,B-06,3,Inbound,Daily,09:56
SCH-OR-I03-05,ORANGE,B-05,3,Inbound,Daily,09:57
SCH-OR-I03-04,ORANGE,B-04,3,Inbound,Daily,09:57
SCH-OR-I03-03,ORANGE,B-03,3,Inbound,Daily,09:57
SCH-OR-I03-01,ORANGE,B-01,3,Inbound,Daily,10:00
SCH-OR-I04-10,ORANGE,B-10,4,Inbound,Daily,10:24
SCH-OR-I04-09,ORANGE,B-09,4,Inbound,Daily,10:25
SCH-OR-I04-08,ORANGE,B-08,4,Inbound,Daily,10:26
SCH-OR-I04-07,ORANGE,B-07,4,Inbound,Daily,10:26
SCH-OR-I04-06,ORANGE,B-06,4,Inbound,Daily,10:26
SCH-OR-I04-05,ORANGE,B-05,4,Inbound,Daily,10:27
SCH-OR-I04-04,ORANGE,B-04,4,Inbound,Daily,10:27
SCH-OR-I04-03,ORANGE,B-03,4,Inbound,Daily,10:27
SCH-OR-I04-01,ORANGE,B-01,4,Inbound,Daily,10:30
SCH-OR-I05-10,ORANGE,B-10,5,Inbound,Daily,10:54
SCH-OR-I05-09,ORANGE,B-09,5,Inbound,Daily,10:55
SCH-OR-I05-08,ORANGE,B-08,5,Inbound,Daily,10:56
SCH-OR-I05-07,ORANGE,B-07,5,Inbound,Daily,10:56
SCH-OR-I05-06,ORANGE,B-06,5,Inbound,Daily,10:56
SCH-OR-I05-05,ORANGE,B-05,5,Inbound,Daily,10:57
SCH-OR-I05-04,ORANGE,B-04,5,Inbound,Daily,10:57
SCH-OR-I05-03,ORANGE,B-03,5,Inbound,Daily,10:57
SCH-OR-I05-01,ORANGE,B-01,5,Inbound,Daily,11:00
SCH-OR-I06-10,ORANGE,B-10,6,Inbound,Daily,11:24
SCH-OR-I06-09,ORANGE,B-09,6,Inbound,Daily,11:25
SCH-OR-I06-08,ORANGE,B-08,6,Inbound,Daily,11:26
SCH-OR-I06-07,ORANGE,B-07,6,Inbound,Daily,11:26
SCH-OR-I06-06,ORANGE,B-06,6,Inbound,Daily,11:26
SCH-OR-I06-05,ORANGE,B-05,6,Inbound,Daily,11:27
SCH-OR-I06-04,ORANGE,B-04,6,Inbound,Daily,11:27
SCH-OR-I06-03,ORANGE,B-03,6,Inbound,Daily,11:27
SCH-OR-I06-01,ORANGE,B-01,6,Inbound,Daily,11:30
SCH-OR-I07-10,ORANGE,B-10,7,Inbound,Daily,13:24
SCH-OR-I07-09,ORANGE,B-09,7,Inbound,Daily,13:25
SCH-OR-I07-08,ORANGE,B-08,7,Inbound,Daily,13:26
SCH-OR-I07-07,ORANGE,B-07,7,Inbound,Daily,13:26
SCH-OR-I07-06,ORANGE,B-06,7,Inbound,Daily,13:26
SCH-OR-I07-05,ORANGE,B-05,7,Inbound,Daily,13:27
SCH-OR-I07-04,ORANGE,B-04,7,Inbound,Daily,13:27
SCH-OR-I07-03,ORANGE,B-03,7,Inbound,Daily,13:27
SCH-OR-I07-01,ORANGE,B-01,7,Inbound,Daily,13:30
SCH-OR-I08-10,ORANGE,B-10,8,Inbound,Daily,14:54
SCH-OR-I08-09,ORANGE,B-09,8,Inbound,Daily,14:55
SCH-OR-I08-08,ORANGE,B-08,8,Inbound,Daily,14:56
SCH-OR-I08-07,ORANGE,B-07,8,Inbound,Daily,14:56
SCH-OR-I08-06,ORANGE,B-06,8,Inbound,Daily,14:56
SCH-OR-I08-05,ORANGE,B-05,8,Inbound,Daily,14:57
SCH-OR-I08-04,ORANGE,B-04,8,Inbound,Daily,14:57
SCH-OR-I08-03,ORANGE,B-03,8,Inbound,Daily,14:57
SCH-OR-I08-01,ORANGE,B-01,8,Inbound,Daily,15:00
SCH-OR-I09-10,ORANGE,B-10,9,Inbound,Daily,16:24
SCH-OR-I09-09,ORANGE,B-09,9,Inbound,Daily,16:25
SCH-OR-I09-08,ORANGE,B-08,9,Inbound,Daily,16:26
SCH-OR-I09-07,ORANGE,B-07,9,Inbound,Daily,16:26
SCH-OR-I09-06,ORANGE,B-06,9,Inbound,Daily,16:26
SCH-OR-I09-05,ORANGE,B-05,9,Inbound,Daily,16:27
SCH-OR-I09-04,ORANGE,B-04,9,Inbound,Daily,16:27
SCH-OR-I09-03,ORANGE,B-03,9,Inbound,Daily,16:27
SCH-OR-I09-01,ORANGE,B-01,9,Inbound,Daily,16:30
SCH-OR-I10-10,ORANGE,B-10,10,Inbound,Daily,16:54
SCH-OR-I10-09,ORANGE,B-09,10,Inbound,Daily,16:55
SCH-OR-I10-08,ORANGE,B-08,10,Inbound,Daily,16:56
SCH-OR-I10-07,ORANGE,B-07,10,Inbound,Daily,16:56
SCH-OR-I10-06,ORANGE,B-06,10,Inbound,Daily,16:56
SCH-OR-I10-05,ORANGE,B-05,10,Inbound,Daily,16:57
SCH-OR-I10-04,ORANGE,B-04,10,Inbound,Daily,16:57
SCH-OR-I10-03,ORANGE,B-03,10,Inbound,Daily,16:57
SCH-OR-I10-01,ORANGE,B-01,10,Inbound,Daily,17:00
SCH-OR-I11-10,ORANGE,B-10,11,Inbound,Daily,17:24
SCH-OR-I11-09,ORANGE,B-09,11,Inbound,Daily,17:25
SCH-OR-I11-08,ORANGE,B-08,11,Inbound,Daily,17:26
SCH-OR-I11-07,ORANGE,B-07,11,Inbound,Daily,17:26
SCH-OR-I11-06,ORANGE,B-06,11,Inbound,Daily,17:26
SCH-OR-I11-05,ORANGE,B-05,11,Inbound,Daily,17:27
SCH-OR-I11-04,ORANGE,B-04,11,Inbound,Daily,17:27
SCH-OR-I11-03,ORANGE,B-03,11,Inbound,Daily,17:27
SCH-OR-I11-01,ORANGE,B-01,11,Inbound,Daily,17:30
SCH-OR-I12-10,ORANGE,B-10,12,Inbound,Daily,17:54
SCH-OR-I12-09,ORANGE,B-09,12,Inbound,Daily,17:55
SCH-OR-I12-08,ORANGE,B-08,12,Inbound,Daily,17:56
SCH-OR-I12-07,ORANGE,B-07,12,Inbound,Daily,17:56
SCH-OR-I12-06,ORANGE,B-06,12,Inbound,Daily,17:56
SCH-OR-I12-05,ORANGE,B-05,12,Inbound,Daily,17:57
SCH-OR-I12-04,ORANGE,B-04,12,Inbound,Daily,17:57
SCH-OR-I12-03,ORANGE,B-03,12,Inbound,Daily,17:57
SCH-OR-I12-01,ORANGE,B-01,12,Inbound,Daily,18:00
Schedule_ID,Route_Code,Stop_ID,Trip_Number,Direction,Operating_Days,Departure_Time
SCH-IM-DIR-O01-01,ISHIUCHI_DIRECT,IM-01,1,Outbound,Daily,07:20
SCH-IM-DIR-O01-03,ISHIUCHI_DIRECT,IM-03,1,Outbound,Daily,07:35
SCH-IM-DIR-O02-01,ISHIUCHI_DIRECT,IM-01,2,Outbound,Daily,08:05
SCH-IM-DIR-O02-03,ISHIUCHI_DIRECT,IM-03,2,Outbound,Daily,08:20
SCH-IM-DIR-O03-01,ISHIUCHI_DIRECT,IM-01,3,Outbound,Daily,09:00
SCH-IM-DIR-O03-03,ISHIUCHI_DIRECT,IM-03,3,Outbound,Daily,09:15
SCH-IM-DIR-O04-01,ISHIUCHI_DIRECT,IM-01,4,Outbound,Daily,09:40
SCH-IM-DIR-O04-03,ISHIUCHI_DIRECT,IM-03,4,Outbound,Daily,09:55
SCH-IM-DIR-O05-01,ISHIUCHI_DIRECT,IM-01,5,Outbound,Daily,10:15
SCH-IM-DIR-O05-03,ISHIUCHI_DIRECT,IM-03,5,Outbound,Daily,10:30
SCH-IM-DIR-O06-01,ISHIUCHI_DIRECT,IM-01,6,Outbound,Daily,11:25
SCH-IM-DIR-O06-03,ISHIUCHI_DIRECT,IM-03,6,Outbound,Daily,11:40
SCH-IM-DIR-O07-01,ISHIUCHI_DIRECT,IM-01,7,Outbound,Daily,13:30
SCH-IM-DIR-O07-02,ISHIUCHI_DIRECT,IM-02,7,Outbound,Daily,13:37
SCH-IM-DIR-O07-03,ISHIUCHI_DIRECT,IM-03,7,Outbound,Daily,13:47
SCH-IM-DIR-O08-01,ISHIUCHI_DIRECT,IM-01,8,Outbound,Daily,14:45
SCH-IM-DIR-O08-02,ISHIUCHI_DIRECT,IM-02,8,Outbound,Daily,14:52
SCH-IM-DIR-O08-03,ISHIUCHI_DIRECT,IM-03,8,Outbound,Daily,15:02
SCH-IM-DIR-O09-01,ISHIUCHI_DIRECT,IM-01,9,Outbound,Daily,15:40
SCH-IM-DIR-O09-02,ISHIUCHI_DIRECT,IM-02,9,Outbound,Daily,15:47
SCH-IM-DIR-O09-03,ISHIUCHI_DIRECT,IM-03,9,Outbound,Daily,15:57
SCH-IM-DIR-O10-01,ISHIUCHI_DIRECT,IM-01,10,Outbound,Daily,16:35
SCH-IM-DIR-O10-02,ISHIUCHI_DIRECT,IM-02,10,Outbound,Daily,16:42
SCH-IM-DIR-O10-03,ISHIUCHI_DIRECT,IM-03,10,Outbound,Daily,16:52
SCH-IM-DIR-O11-01,ISHIUCHI_DIRECT,IM-01,11,Outbound,Daily,17:30
SCH-IM-DIR-O11-02,ISHIUCHI_DIRECT,IM-02,11,Outbound,Daily,17:37
SCH-IM-DIR-O11-03,ISHIUCHI_DIRECT,IM-03,11,Outbound,Daily,17:47
SCH-IM-DIR-I01-03,ISHIUCHI_DIRECT,IM-03,1,Inbound,Daily,07:35
SCH-IM-DIR-I01-02,ISHIUCHI_DIRECT,IM-02,1,Inbound,Daily,07:45
SCH-IM-DIR-I01-01,ISHIUCHI_DIRECT,IM-01,1,Inbound,Daily,07:52
SCH-IM-DIR-I02-03,ISHIUCHI_DIRECT,IM-03,2,Inbound,Daily,08:20
SCH-IM-DIR-I02-02,ISHIUCHI_DIRECT,IM-02,2,Inbound,Daily,08:30
SCH-IM-DIR-I02-01,ISHIUCHI_DIRECT,IM-01,2,Inbound,Daily,08:37
SCH-IM-DIR-I03-03,ISHIUCHI_DIRECT,IM-03,3,Inbound,Daily,09:15
SCH-IM-DIR-I03-02,ISHIUCHI_DIRECT,IM-02,3,Inbound,Daily,09:25
SCH-IM-DIR-I03-01,ISHIUCHI_DIRECT,IM-01,3,Inbound,Daily,09:32
SCH-IM-DIR-I04-03,ISHIUCHI_DIRECT,IM-03,4,Inbound,Daily,09:55
SCH-IM-DIR-I04-02,ISHIUCHI_DIRECT,IM-02,4,Inbound,Daily,10:05
SCH-IM-DIR-I04-01,ISHIUCHI_DIRECT,IM-01,4,Inbound,Daily,10:12
SCH-IM-DIR-I05-03,ISHIUCHI_DIRECT,IM-03,5,Inbound,Daily,10:30
SCH-IM-DIR-I05-02,ISHIUCHI_DIRECT,IM-02,5,Inbound,Daily,10:40
SCH-IM-DIR-I05-01,ISHIUCHI_DIRECT,IM-01,5,Inbound,Daily,10:47
SCH-IM-DIR-I06-03,ISHIUCHI_DIRECT,IM-03,6,Inbound,Daily,11:40
SCH-IM-DIR-I06-02,ISHIUCHI_DIRECT,IM-02,6,Inbound,Daily,11:50
SCH-IM-DIR-I06-01,ISHIUCHI_DIRECT,IM-01,6,Inbound,Daily,11:57
SCH-IM-DIR-I07-03,ISHIUCHI_DIRECT,IM-03,7,Inbound,Daily,13:47
SCH-IM-DIR-I07-01,ISHIUCHI_DIRECT,IM-01,7,Inbound,Daily,14:02
SCH-IM-DIR-I08-03,ISHIUCHI_DIRECT,IM-03,8,Inbound,Daily,15:02
SCH-IM-DIR-I08-01,ISHIUCHI_DIRECT,IM-01,8,Inbound,Daily,15:17
SCH-IM-DIR-I09-03,ISHIUCHI_DIRECT,IM-03,9,Inbound,Daily,15:57
SCH-IM-DIR-I09-01,ISHIUCHI_DIRECT,IM-01,9,Inbound,Daily,16:12
SCH-IM-DIR-I10-03,ISHIUCHI_DIRECT,IM-03,10,Inbound,Daily,16:52
SCH-IM-DIR-I10-01,ISHIUCHI_DIRECT,IM-01,10,Inbound,Daily,17:07
SCH-IM-DIR-I11-03,ISHIUCHI_DIRECT,IM-03,11,Inbound,Daily,17:47
SCH-IM-DIR-I11-01,ISHIUCHI_DIRECT,IM-01,11,Inbound,Daily,18:02
SCH-IM-LOOP-L01-01,ISHIUCHI_LOOP,IM-01,1,Loop,Daily,08:15
SCH-IM-LOOP-L01-04,ISHIUCHI_LOOP,IM-04,1,Loop,Daily,08:22
SCH-IM-LOOP-L01-02,ISHIUCHI_LOOP,IM-02,1,Loop,Daily,08:25
SCH-IM-LOOP-L01-01A,ISHIUCHI_LOOP,IM-01,1,Loop,Daily,08:32
SCH-IM-LOOP-L01-05,ISHIUCHI_LOOP,IM-05,1,Loop,Daily,08:34
SCH-IM-LOOP-L01-06,ISHIUCHI_LOOP,IM-06,1,Loop,Daily,08:39
SCH-IM-LOOP-L01-01B,ISHIUCHI_LOOP,IM-01,1,Loop,Daily,08:44
SCH-IM-LOOP-L02-01,ISHIUCHI_LOOP,IM-01,2,Loop,Daily,09:00
SCH-IM-LOOP-L02-04,ISHIUCHI_LOOP,IM-04,2,Loop,Daily,09:07
SCH-IM-LOOP-L02-02,ISHIUCHI_LOOP,IM-02,2,Loop,Daily,09:10
SCH-IM-LOOP-L02-01A,ISHIUCHI_LOOP,IM-01,2,Loop,Daily,09:17
SCH-IM-LOOP-L02-05,ISHIUCHI_LOOP,IM-05,2,Loop,Daily,09:19
SCH-IM-LOOP-L02-06,ISHIUCHI_LOOP,IM-06,2,Loop,Daily,09:24
SCH-IM-LOOP-L02-01B,ISHIUCHI_LOOP,IM-01,2,Loop,Daily,09:29
SCH-IM-LOOP-L03-01,ISHIUCHI_LOOP,IM-01,3,Loop,Daily,09:45
SCH-IM-LOOP-L03-04,ISHIUCHI_LOOP,IM-04,3,Loop,Daily,09:52
SCH-IM-LOOP-L03-02,ISHIUCHI_LOOP,IM-02,3,Loop,Daily,09:55
SCH-IM-LOOP-L03-01A,ISHIUCHI_LOOP,IM-01,3,Loop,Daily,10:02
SCH-IM-LOOP-L03-05,ISHIUCHI_LOOP,IM-05,3,Loop,Daily,10:04
SCH-IM-LOOP-L03-06,ISHIUCHI_LOOP,IM-06,3,Loop,Daily,10:09
SCH-IM-LOOP-L03-01B,ISHIUCHI_LOOP,IM-01,3,Loop,Daily,10:14
SCH-IM-LOOP-L04-01,ISHIUCHI_LOOP,IM-01,4,Loop,Daily,10:30
SCH-IM-LOOP-L04-02,ISHIUCHI_LOOP,IM-02,4,Loop,Daily,10:37
SCH-IM-LOOP-L04-01A,ISHIUCHI_LOOP,IM-01,4,Loop,Daily,10:44
SCH-IM-LOOP-L04-05,ISHIUCHI_LOOP,IM-05,4,Loop,Daily,10:46
SCH-IM-LOOP-L04-06,ISHIUCHI_LOOP,IM-06,4,Loop,Daily,10:51
SCH-IM-LOOP-L04-01B,ISHIUCHI_LOOP,IM-01,4,Loop,Daily,10:56
SCH-IM-LOOP-L05-01,ISHIUCHI_LOOP,IM-01,5,Loop,Daily,11:10
SCH-IM-LOOP-L05-02,ISHIUCHI_LOOP,IM-02,5,Loop,Daily,11:17
SCH-IM-LOOP-L05-01A,ISHIUCHI_LOOP,IM-01,5,Loop,Daily,11:24
SCH-IM-LOOP-L05-05,ISHIUCHI_LOOP,IM-05,5,Loop,Daily,11:26
SCH-IM-LOOP-L05-06,ISHIUCHI_LOOP,IM-06,5,Loop,Daily,11:31
SCH-IM-LOOP-L05-01B,ISHIUCHI_LOOP,IM-01,5,Loop,Daily,11:36
SCH-IM-LOOP-L06-01,ISHIUCHI_LOOP,IM-01,6,Loop,Daily,13:00
SCH-IM-LOOP-L06-02,ISHIUCHI_LOOP,IM-02,6,Loop,Daily,13:07
SCH-IM-LOOP-L06-01A,ISHIUCHI_LOOP,IM-01,6,Loop,Daily,13:14
SCH-IM-LOOP-L06-05,ISHIUCHI_LOOP,IM-05,6,Loop,Daily,13:16
SCH-IM-LOOP-L06-06,ISHIUCHI_LOOP,IM-06,6,Loop,Daily,13:21
SCH-IM-LOOP-L06-01B,ISHIUCHI_LOOP,IM-01,6,Loop,Daily,13:26
SCH-IM-LOOP-L07-01,ISHIUCHI_LOOP,IM-01,7,Loop,Daily,14:00
SCH-IM-LOOP-L07-02,ISHIUCHI_LOOP,IM-02,7,Loop,Daily,14:07
SCH-IM-LOOP-L07-01A,ISHIUCHI_LOOP,IM-01,7,Loop,Daily,14:14
SCH-IM-LOOP-L07-05,ISHIUCHI_LOOP,IM-05,7,Loop,Daily,14:16
SCH-IM-LOOP-L07-06,ISHIUCHI_LOOP,IM-06,7,Loop,Daily,14:21
SCH-IM-LOOP-L07-01B,ISHIUCHI_LOOP,IM-01,7,Loop,Daily,14:26
SCH-IM-LOOP-L08-01,ISHIUCHI_LOOP,IM-01,8,Loop,Daily,14:55
SCH-IM-LOOP-L08-04,ISHIUCHI_LOOP,IM-04,8,Loop,Daily,15:02
SCH-IM-LOOP-L08-02,ISHIUCHI_LOOP,IM-02,8,Loop,Daily,15:05
SCH-IM-LOOP-L08-01A,ISHIUCHI_LOOP,IM-01,8,Loop,Daily,15:12
SCH-IM-LOOP-L08-05,ISHIUCHI_LOOP,IM-05,8,Loop,Daily,15:14
SCH-IM-LOOP-L08-06,ISHIUCHI_LOOP,IM-06,8,Loop,Daily,15:19
SCH-IM-LOOP-L08-01B,ISHIUCHI_LOOP,IM-01,8,Loop,Daily,15:24
SCH-IM-LOOP-L09-01,ISHIUCHI_LOOP,IM-01,9,Loop,Daily,15:40
SCH-IM-LOOP-L09-04,ISHIUCHI_LOOP,IM-04,9,Loop,Daily,15:47
SCH-IM-LOOP-L09-02,ISHIUCHI_LOOP,IM-02,9,Loop,Daily,15:50
SCH-IM-LOOP-L09-01A,ISHIUCHI_LOOP,IM-01,9,Loop,Daily,15:57
SCH-IM-LOOP-L09-05,ISHIUCHI_LOOP,IM-05,9,Loop,Daily,15:59
SCH-IM-LOOP-L09-06,ISHIUCHI_LOOP,IM-06,9,Loop,Daily,16:04
SCH-IM-LOOP-L09-01B,ISHIUCHI_LOOP,IM-01,9,Loop,Daily,16:09
SCH-IM-LOOP-L10-01,ISHIUCHI_LOOP,IM-01,10,Loop,Daily,16:25
SCH-IM-LOOP-L10-04,ISHIUCHI_LOOP,IM-04,10,Loop,Daily,16:32
SCH-IM-LOOP-L10-02,ISHIUCHI_LOOP,IM-02,10,Loop,Daily,16:35
SCH-IM-LOOP-L10-01A,ISHIUCHI_LOOP,IM-01,10,Loop,Daily,16:42
SCH-IM-LOOP-L10-05,ISHIUCHI_LOOP,IM-05,10,Loop,Daily,16:44
SCH-IM-LOOP-L10-06,ISHIUCHI_LOOP,IM-06,10,Loop,Daily,16:49
SCH-IM-LOOP-L10-01B,ISHIUCHI_LOOP,IM-01,10,Loop,Daily,16:54
SCH-IM-NIGHT-O01-01,ISHIUCHI_NIGHT,IM-01,1,Outbound,Daily,18:20
SCH-IM-NIGHT-O01-02,ISHIUCHI_NIGHT,IM-02,1,Outbound,Daily,18:27
SCH-IM-NIGHT-O01-03,ISHIUCHI_NIGHT,IM-03,1,Outbound,Daily,18:37
SCH-IM-NIGHT-O02-01,ISHIUCHI_NIGHT,IM-01,2,Outbound,Daily,19:20
SCH-IM-NIGHT-O02-02,ISHIUCHI_NIGHT,IM-02,2,Outbound,Daily,19:27
SCH-IM-NIGHT-O02-03,ISHIUCHI_NIGHT,IM-03,2,Outbound,Daily,19:37
SCH-IM-NIGHT-O03-01,ISHIUCHI_NIGHT,IM-01,3,Outbound,Daily,20:20
SCH-IM-NIGHT-O03-02,ISHIUCHI_NIGHT,IM-02,3,Outbound,Daily,20:27
SCH-IM-NIGHT-O03-03,ISHIUCHI_NIGHT,IM-03,3,Outbound,Daily,20:37
IWS-01,IWAHARA,IW-01,1,To_Resort,Weekday,7:45,
IWS-02,IWAHARA,IW-01,2,To_Resort,Weekday,8:15,
IWS-03,IWAHARA,IW-01,3,To_Resort,Weekday,8:45,
IWS-04,IWAHARA,IW-01,4,To_Resort,Weekday,9:15,
IWS-05,IWAHARA,IW-01,5,To_Resort,Weekday,10:00,
IWS-06,IWAHARA,IW-01,6,To_Resort,Weekday,13:00,
IWS-07,IWAHARA,IW-01,7,To_Resort,Weekday,14:00,
IWS-08,IWAHARA,IW-01,8,To_Resort,Weekday,15:00,
IWS-09,IWAHARA,IW-01,9,To_Resort,Weekday,17:15,
IWS-10,IWAHARA,IW-03,1,To_Station,Weekday,9:40,
IWS-11,IWAHARA,IW-03,2,To_Station,Weekday,13:30,
IWS-12,IWAHARA,IW-03,3,To_Station,Weekday,14:30,
IWS-13,IWAHARA,IW-03,4,To_Station,Weekday,15:30,
IWS-14,IWAHARA,IW-03,5,To_Station,Weekday,16:00,
IWS-15,IWAHARA,IW-03,6,To_Station,Weekday,16:30,
IWS-16,IWAHARA,IW-03,7,To_Station,Weekday,17:00,
IWS-17,IWAHARA,IW-03,8,To_Station,Weekday,17:30,
IWS-18,IWAHARA,IW-01,1,To_Resort,Weekend/Holiday,7:40,
IWS-19,IWAHARA,IW-01,2,To_Resort,Weekend/Holiday,8:00,
IWS-20,IWAHARA,IW-01,3,To_Resort,Weekend/Holiday,8:30,
IWS-21,IWAHARA,IW-01,4,To_Resort,Weekend/Holiday,9:00,
IWS-22,IWAHARA,IW-01,5,To_Resort,Weekend/Holiday,9:20,
IWS-23,IWAHARA,IW-01,6,To_Resort,Weekend/Holiday,9:40,
IWS-24,IWAHARA,IW-01,7,To_Resort,Weekend/Holiday,10:00,
IWS-25,IWAHARA,IW-01,8,To_Resort,Weekend/Holiday,10:40,
IWS-26,IWAHARA,IW-01,9,To_Resort,Weekend/Holiday,11:10,
IWS-27,IWAHARA,IW-01,10,To_Resort,Weekend/Holiday,12:00,
IWS-28,IWAHARA,IW-01,11,To_Resort,Weekend/Holiday,12:40,
IWS-29,IWAHARA,IW-01,12,To_Resort,Weekend/Holiday,13:40,
IWS-30,IWAHARA,IW-01,13,To_Resort,Weekend/Holiday,14:40,
IWS-31,IWAHARA,IW-01,14,To_Resort,Weekend/Holiday,15:40,
IWS-32,IWAHARA,IW-01,15,To_Resort,Weekend/Holiday,16:40,
IWS-33,IWAHARA,IW-01,16,To_Resort,Weekend/Holiday,17:40,
IWS-34,IWAHARA,IW-03,1,To_Station,Weekend/Holiday,9:40,
IWS-35,IWAHARA,IW-03,2,To_Station,Weekend/Holiday,10:20,
IWS-36,IWAHARA,IW-03,3,To_Station,Weekend/Holiday,11:00,
IWS-37,IWAHARA,IW-03,4,To_Station,Weekend/Holiday,11:40,
IWS-38,IWAHARA,IW-03,5,To_Station,Weekend/Holiday,12:20,
IWS-39,IWAHARA,IW-03,6,To_Station,Weekend/Holiday,13:20,
IWS-40,IWAHARA,IW-03,7,To_Station,Weekend/Holiday,14:00,
IWS-41,IWAHARA,IW-03,8,To_Station,Weekend/Holiday,14:20,
IWS-42,IWAHARA,IW-03,9,To_Station,Weekend/Holiday,15:00,
IWS-43,IWAHARA,IW-03,10,To_Station,Weekend/Holiday,15:20,
IWS-44,IWAHARA,IW-03,11,To_Station,Weekend/Holiday,16:00,
IWS-45,IWAHARA,IW-03,12,To_Station,Weekend/Holiday,16:20,
IWS-46,IWAHARA,IW-03,13,To_Station,Weekend/Holiday,17:00,
IWS-47,IWAHARA,IW-03,14,To_Station,Weekend/Holiday,17:20,
IWS-48,IWAHARA,IW-03,15,To_Station,Weekend/Holiday,18:20,
IWJ-01,IWAHARA_JOKOKU,IW-05,1,To_Joetsu_Kokusai,Daily_Reservation,8:20,
IWJ-02,IWAHARA_JOKOKU,IW-03,2,To_Joetsu_Kokusai,Daily_Reservation,9:45,
IWJ-03,IWAHARA_JOKOKU,IW-03,3,To_Joetsu_Kokusai,Daily_Direct,16:10,
IWJ-04,IWAHARA_JOKOKU,IW-03,4,To_Joetsu_Kokusai,Weekend_Holiday_Only,17:40,
IWJ-05,IWAHARA_JOKOKU,IW-04,1,To_Iwappara,Daily_Direct,9:10,
IWJ-06,IWAHARA_JOKOKU,IW-04,2,To_Iwappara,Daily_Reservation,15:30,
IWJ-07,IWAHARA_JOKOKU,IW-04,3,To_Iwappara,Weekend_Holiday_Only,17:00,
Schedule_ID,Route_Code,Stop_ID,Trip_Number,Direction,Operating_Days,Departure_Time
SCH-IWA-A08-03A,IWAHARA_LOOP_A,IW-03,1,Loop,Daily,08:05
SCH-IWA-A08-09,IWAHARA_LOOP_A,IW-09,1,Loop,Daily,08:14
SCH-IWA-A08-10,IWAHARA_LOOP_A,IW-10,1,Loop,Daily,08:14
SCH-IWA-A08-11,IWAHARA_LOOP_A,IW-11,1,Loop,Daily,08:16
SCH-IWA-A08-12,IWAHARA_LOOP_A,IW-12,1,Loop,Daily,08:16
SCH-IWA-A08-02B,IWAHARA_LOOP_A,IW-02,1,Loop,Daily,08:23
SCH-IWA-A08-03B,IWAHARA_LOOP_A,IW-03,1,Loop,Daily,08:27
SCH-IWA-A09-03A,IWAHARA_LOOP_A,IW-03,2,Loop,Daily,09:05
SCH-IWA-A09-09,IWAHARA_LOOP_A,IW-09,2,Loop,Daily,09:14
SCH-IWA-A09-10,IWAHARA_LOOP_A,IW-10,2,Loop,Daily,09:14
SCH-IWA-A09-11,IWAHARA_LOOP_A,IW-11,2,Loop,Daily,09:16
SCH-IWA-A09-12,IWAHARA_LOOP_A,IW-12,2,Loop,Daily,09:16
SCH-IWA-A09-02B,IWAHARA_LOOP_A,IW-02,2,Loop,Daily,09:23
SCH-IWA-A09-03B,IWAHARA_LOOP_A,IW-03,2,Loop,Daily,09:27
SCH-IWA-A10-03A,IWAHARA_LOOP_A,IW-03,3,Loop,Daily,10:00
SCH-IWA-A10-09,IWAHARA_LOOP_A,IW-09,3,Loop,Daily,10:09
SCH-IWA-A10-10,IWAHARA_LOOP_A,IW-10,3,Loop,Daily,10:09
SCH-IWA-A10-11,IWAHARA_LOOP_A,IW-11,3,Loop,Daily,10:11
SCH-IWA-A10-12,IWAHARA_LOOP_A,IW-12,3,Loop,Daily,10:11
SCH-IWA-A10-02B,IWAHARA_LOOP_A,IW-02,3,Loop,Daily,10:18
SCH-IWA-A10-03B,IWAHARA_LOOP_A,IW-03,3,Loop,Daily,10:22
SCH-IWA-A11-03A,IWAHARA_LOOP_A,IW-03,4,Loop,Daily,11:00
SCH-IWA-A11-02A,IWAHARA_LOOP_A,IW-02,4,Loop,Daily,11:04
SCH-IWA-A11-09,IWAHARA_LOOP_A,IW-09,4,Loop,Daily,11:09
SCH-IWA-A11-10,IWAHARA_LOOP_A,IW-10,4,Loop,Daily,11:09
SCH-IWA-A11-11,IWAHARA_LOOP_A,IW-11,4,Loop,Daily,11:11
SCH-IWA-A11-12,IWAHARA_LOOP_A,IW-12,4,Loop,Daily,11:11
SCH-IWA-A11-02B,IWAHARA_LOOP_A,IW-02,4,Loop,Daily,11:18
SCH-IWA-A11-03B,IWAHARA_LOOP_A,IW-03,4,Loop,Daily,11:22
SCH-IWA-A14-03A,IWAHARA_LOOP_A,IW-03,5,Loop,Daily,14:30
SCH-IWA-A14-02A,IWAHARA_LOOP_A,IW-02,5,Loop,Daily,14:34
SCH-IWA-A14-09,IWAHARA_LOOP_A,IW-09,5,Loop,Daily,14:39
SCH-IWA-A14-10,IWAHARA_LOOP_A,IW-10,5,Loop,Daily,14:39
SCH-IWA-A14-11,IWAHARA_LOOP_A,IW-11,5,Loop,Daily,14:41
SCH-IWA-A14-12,IWAHARA_LOOP_A,IW-12,5,Loop,Daily,14:41
SCH-IWA-A14-02B,IWAHARA_LOOP_A,IW-02,5,Loop,Daily,14:48
SCH-IWA-A14-03B,IWAHARA_LOOP_A,IW-03,5,Loop,Daily,14:52
SCH-IWA-A15-03A,IWAHARA_LOOP_A,IW-03,6,Loop,Daily,15:30
SCH-IWA-A15-02A,IWAHARA_LOOP_A,IW-02,6,Loop,Daily,15:34
SCH-IWA-A15-09,IWAHARA_LOOP_A,IW-09,6,Loop,Daily,15:39
SCH-IWA-A15-10,IWAHARA_LOOP_A,IW-10,6,Loop,Daily,15:39
SCH-IWA-A15-11,IWAHARA_LOOP_A,IW-11,6,Loop,Daily,15:41
SCH-IWA-A15-12,IWAHARA_LOOP_A,IW-12,6,Loop,Daily,15:41
SCH-IWA-A15-02B,IWAHARA_LOOP_A,IW-02,6,Loop,Daily,15:48
SCH-IWA-A15-03B,IWAHARA_LOOP_A,IW-03,6,Loop,Daily,15:52
SCH-IWA-A16-03A,IWAHARA_LOOP_A,IW-03,7,Loop,Daily,16:30
SCH-IWA-A16-02A,IWAHARA_LOOP_A,IW-02,7,Loop,Daily,16:34
SCH-IWA-A16-09,IWAHARA_LOOP_A,IW-09,7,Loop,Daily,16:39
SCH-IWA-A16-10,IWAHARA_LOOP_A,IW-10,7,Loop,Daily,16:39
SCH-IWA-A16-11,IWAHARA_LOOP_A,IW-11,7,Loop,Daily,16:41
SCH-IWA-A16-12,IWAHARA_LOOP_A,IW-12,7,Loop,Daily,16:41
SCH-IWA-A16-02B,IWAHARA_LOOP_A,IW-02,7,Loop,Daily,16:48
SCH-IWA-A16-03B,IWAHARA_LOOP_A,IW-03,7,Loop,Daily,16:52
SCH-IWA-A17-03A,IWAHARA_LOOP_A,IW-03,8,Loop,Daily,17:00
SCH-IWA-A17-02A,IWAHARA_LOOP_A,IW-02,8,Loop,Daily,17:04
SCH-IWA-A17-09,IWAHARA_LOOP_A,IW-09,8,Loop,Daily,17:09
SCH-IWA-A17-10,IWAHARA_LOOP_A,IW-10,8,Loop,Daily,17:09
SCH-IWA-A17-11,IWAHARA_LOOP_A,IW-11,8,Loop,Daily,17:11
SCH-IWA-A17-12,IWAHARA_LOOP_A,IW-12,8,Loop,Daily,17:11
SCH-IWA-A17-02B,IWAHARA_LOOP_A,IW-02,8,Loop,Daily,17:18
SCH-IWA-A17-03B,IWAHARA_LOOP_A,IW-03,8,Loop,Daily,17:22
SCH-IWA-B08-03A,IWAHARA_LOOP_B,IW-03,1,Loop,Daily,08:30
SCH-IWA-B08-15,IWAHARA_LOOP_B,IW-15,1,Loop,Daily,08:39
SCH-IWA-B08-16,IWAHARA_LOOP_B,IW-16,1,Loop,Daily,08:41
SCH-IWA-B08-17,IWAHARA_LOOP_B,IW-17,1,Loop,Daily,08:42
SCH-IWA-B08-18,IWAHARA_LOOP_B,IW-18,1,Loop,Daily,08:43
SCH-IWA-B08-14,IWAHARA_LOOP_B,IW-14,1,Loop,Daily,08:45
SCH-IWA-B08-05,IWAHARA_LOOP_B,IW-05,1,Loop,Daily,08:47
SCH-IWA-B08-13,IWAHARA_LOOP_B,IW-13,1,Loop,Daily,08:48
SCH-IWA-B08-02B,IWAHARA_LOOP_B,IW-02,1,Loop,Daily,08:49
SCH-IWA-B08-03B,IWAHARA_LOOP_B,IW-03,1,Loop,Daily,08:53
SCH-IWA-B10-03A,IWAHARA_LOOP_B,IW-03,2,Loop,Daily,10:30
SCH-IWA-B10-15,IWAHARA_LOOP_B,IW-15,2,Loop,Daily,10:39
SCH-IWA-B10-16,IWAHARA_LOOP_B,IW-16,2,Loop,Daily,10:41
SCH-IWA-B10-17,IWAHARA_LOOP_B,IW-17,2,Loop,Daily,10:42
SCH-IWA-B10-18,IWAHARA_LOOP_B,IW-18,2,Loop,Daily,10:43
SCH-IWA-B10-14,IWAHARA_LOOP_B,IW-14,2,Loop,Daily,10:45
SCH-IWA-B10-05,IWAHARA_LOOP_B,IW-05,2,Loop,Daily,10:47
SCH-IWA-B10-13,IWAHARA_LOOP_B,IW-13,2,Loop,Daily,10:48
SCH-IWA-B10-02B,IWAHARA_LOOP_B,IW-02,2,Loop,Daily,10:49
SCH-IWA-B10-03B,IWAHARA_LOOP_B,IW-03,2,Loop,Daily,10:53
SCH-IWA-B11-03A,IWAHARA_LOOP_B,IW-03,3,Loop,Daily,11:30
SCH-IWA-B11-02A,IWAHARA_LOOP_B,IW-02,3,Loop,Daily,11:34
SCH-IWA-B11-13A,IWAHARA_LOOP_B,IW-13,3,Loop,Daily,11:35
SCH-IWA-B11-05A,IWAHARA_LOOP_B,IW-05,3,Loop,Daily,11:36
SCH-IWA-B11-14A,IWAHARA_LOOP_B,IW-14,3,Loop,Daily,11:38
SCH-IWA-B11-15,IWAHARA_LOOP_B,IW-15,3,Loop,Daily,11:39
SCH-IWA-B11-16,IWAHARA_LOOP_B,IW-16,3,Loop,Daily,11:41
SCH-IWA-B11-17,IWAHARA_LOOP_B,IW-17,3,Loop,Daily,11:42
SCH-IWA-B11-18,IWAHARA_LOOP_B,IW-18,3,Loop,Daily,11:43
SCH-IWA-B11-14B,IWAHARA_LOOP_B,IW-14,3,Loop,Daily,11:45
SCH-IWA-B11-05B,IWAHARA_LOOP_B,IW-05,3,Loop,Daily,11:47
SCH-IWA-B11-13B,IWAHARA_LOOP_B,IW-13,3,Loop,Daily,11:48
SCH-IWA-B11-02B,IWAHARA_LOOP_B,IW-02,3,Loop,Daily,11:49
SCH-IWA-B11-03B,IWAHARA_LOOP_B,IW-03,3,Loop,Daily,11:53
SCH-IWA-B14-03A,IWAHARA_LOOP_B,IW-03,4,Loop,Daily,14:00
SCH-IWA-B14-02A,IWAHARA_LOOP_B,IW-02,4,Loop,Daily,14:04
SCH-IWA-B14-13A,IWAHARA_LOOP_B,IW-13,4,Loop,Daily,14:05
SCH-IWA-B14-05A,IWAHARA_LOOP_B,IW-05,4,Loop,Daily,14:06
SCH-IWA-B14-14A,IWAHARA_LOOP_B,IW-14,4,Loop,Daily,14:08
SCH-IWA-B14-15,IWAHARA_LOOP_B,IW-15,4,Loop,Daily,14:09
SCH-IWA-B14-16,IWAHARA_LOOP_B,IW-16,4,Loop,Daily,14:11
SCH-IWA-B14-17,IWAHARA_LOOP_B,IW-17,4,Loop,Daily,14:12
SCH-IWA-B14-18,IWAHARA_LOOP_B,IW-18,4,Loop,Daily,14:13
SCH-IWA-B14-03B,IWAHARA_LOOP_B,IW-03,4,Loop,Daily,14:23
SCH-IWA-B16-03A,IWAHARA_LOOP_B,IW-03,5,Loop,Daily,16:00
SCH-IWA-B16-02A,IWAHARA_LOOP_B,IW-02,5,Loop,Daily,16:04
SCH-IWA-B16-13A,IWAHARA_LOOP_B,IW-13,5,Loop,Daily,16:05
SCH-IWA-B16-05A,IWAHARA_LOOP_B,IW-05,5,Loop,Daily,16:06
SCH-IWA-B16-14A,IWAHARA_LOOP_B,IW-14,5,Loop,Daily,16:08
SCH-IWA-B16-15,IWAHARA_LOOP_B,IW-15,5,Loop,Daily,16:09
SCH-IWA-B16-16,IWAHARA_LOOP_B,IW-16,5,Loop,Daily,16:11
SCH-IWA-B16-17,IWAHARA_LOOP_B,IW-17,5,Loop,Daily,16:12
SCH-IWA-B16-18,IWAHARA_LOOP_B,IW-18,5,Loop,Daily,16:13
SCH-IWA-B16-03B,IWAHARA_LOOP_B,IW-03,5,Loop,Daily,16:23
Schedule_ID,Route_Code,Stop_ID,Trip_Number,Direction,Operating_Days,Departure_Time
SCH-NAK-O01-01,NAKASATO,NA-01,1,Outbound,Daily,08:00
SCH-NAK-O01-02,NAKASATO,NA-02,1,Outbound,Daily,08:15
SCH-NAK-O02-01,NAKASATO,NA-01,2,Outbound,Daily,08:20
SCH-NAK-O02-02,NAKASATO,NA-02,2,Outbound,Daily,08:35
SCH-NAK-O03-01,NAKASATO,NA-01,3,Outbound,Daily,08:40
SCH-NAK-O03-02,NAKASATO,NA-02,3,Outbound,Daily,08:55
SCH-NAK-O04-01,NAKASATO,NA-01,4,Outbound,Daily,09:00
SCH-NAK-O04-02,NAKASATO,NA-02,4,Outbound,Daily,09:15
SCH-NAK-O05-01,NAKASATO,NA-01,5,Outbound,Daily,09:20
SCH-NAK-O05-02,NAKASATO,NA-02,5,Outbound,Daily,09:35
SCH-NAK-O06-01,NAKASATO,NA-01,6,Outbound,Daily,09:40
SCH-NAK-O06-02,NAKASATO,NA-02,6,Outbound,Daily,09:55
SCH-NAK-O07-01,NAKASATO,NA-01,7,Outbound,Daily,10:00
SCH-NAK-O07-02,NAKASATO,NA-02,7,Outbound,Daily,10:15
SCH-NAK-O08-01,NAKASATO,NA-01,8,Outbound,Daily,10:20
SCH-NAK-O08-02,NAKASATO,NA-02,8,Outbound,Daily,10:35
SCH-NAK-O09-01,NAKASATO,NA-01,9,Outbound,Daily,10:40
SCH-NAK-O09-02,NAKASATO,NA-02,9,Outbound,Daily,10:55
SCH-NAK-O10-01,NAKASATO,NA-01,10,Outbound,Daily,11:00
SCH-NAK-O10-02,NAKASATO,NA-02,10,Outbound,Daily,11:15
SCH-NAK-O11-01,NAKASATO,NA-01,11,Outbound,Daily,11:20
SCH-NAK-O11-02,NAKASATO,NA-02,11,Outbound,Daily,11:35
SCH-NAK-O12-01,NAKASATO,NA-01,12,Outbound,Daily,11:40
SCH-NAK-O12-02,NAKASATO,NA-02,12,Outbound,Daily,11:55
SCH-NAK-O13-01,NAKASATO,NA-01,13,Outbound,Daily,13:00
SCH-NAK-O13-02,NAKASATO,NA-02,13,Outbound,Daily,13:15
SCH-NAK-O14-01,NAKASATO,NA-01,14,Outbound,Daily,13:20
SCH-NAK-O14-02,NAKASATO,NA-02,14,Outbound,Daily,13:35
SCH-NAK-O15-01,NAKASATO,NA-01,15,Outbound,Daily,13:40
SCH-NAK-O15-02,NAKASATO,NA-02,15,Outbound,Daily,13:55
SCH-NAK-O16-01,NAKASATO,NA-01,16,Outbound,Daily,14:00
SCH-NAK-O16-02,NAKASATO,NA-02,16,Outbound,Daily,14:15
SCH-NAK-O17-01,NAKASATO,NA-01,17,Outbound,Daily,14:20
SCH-NAK-O17-02,NAKASATO,NA-02,17,Outbound,Daily,14:35
SCH-NAK-O18-01,NAKASATO,NA-01,18,Outbound,Daily,14:40
SCH-NAK-O18-02,NAKASATO,NA-02,18,Outbound,Daily,14:55
SCH-NAK-O19-01,NAKASATO,NA-01,19,Outbound,Daily,15:00
SCH-NAK-O19-02,NAKASATO,NA-02,19,Outbound,Daily,15:15
SCH-NAK-O20-01,NAKASATO,NA-01,20,Outbound,Daily,15:20
SCH-NAK-O20-02,NAKASATO,NA-02,20,Outbound,Daily,15:35
SCH-NAK-O21-01,NAKASATO,NA-01,21,Outbound,Daily,15:40
SCH-NAK-O21-02,NAKASATO,NA-02,21,Outbound,Daily,15:55
SCH-NAK-O22-01,NAKASATO,NA-01,22,Outbound,Daily,16:00
SCH-NAK-O22-02,NAKASATO,NA-02,22,Outbound,Daily,16:15
SCH-NAK-O23-01,NAKASATO,NA-01,23,Outbound,Daily,16:20
SCH-NAK-O23-02,NAKASATO,NA-02,23,Outbound,Daily,16:35
SCH-NAK-O24-01,NAKASATO,NA-01,24,Outbound,Daily,16:40
SCH-NAK-O24-02,NAKASATO,NA-02,24,Outbound,Daily,16:55
SCH-NAK-O25-01,NAKASATO,NA-01,25,Outbound,Daily,17:00
SCH-NAK-O25-02,NAKASATO,NA-02,25,Outbound,Daily,17:15
SCH-NAK-I01-02,NAKASATO,NA-02,1,Inbound,Daily,09:50
SCH-NAK-I01-01,NAKASATO,NA-01,1,Inbound,Daily,10:05
SCH-NAK-I02-02,NAKASATO,NA-02,2,Inbound,Daily,10:10
SCH-NAK-I02-01,NAKASATO,NA-01,2,Inbound,Daily,10:25
SCH-NAK-I03-02,NAKASATO,NA-02,3,Inbound,Daily,10:30
SCH-NAK-I03-01,NAKASATO,NA-01,3,Inbound,Daily,10:45
SCH-NAK-I04-02,NAKASATO,NA-02,4,Inbound,Daily,10:50
SCH-NAK-I04-01,NAKASATO,NA-01,4,Inbound,Daily,11:05
SCH-NAK-I05-02,NAKASATO,NA-02,5,Inbound,Daily,11:10
SCH-NAK-I05-01,NAKASATO,NA-01,5,Inbound,Daily,11:25
SCH-NAK-I06-02,NAKASATO,NA-02,6,Inbound,Daily,12:30
SCH-NAK-I06-01,NAKASATO,NA-01,6,Inbound,Daily,12:45
SCH-NAK-I07-02,NAKASATO,NA-02,7,Inbound,Daily,12:50
SCH-NAK-I07-01,NAKASATO,NA-01,7,Inbound,Daily,13:05
SCH-NAK-I08-02,NAKASATO,NA-02,8,Inbound,Daily,13:10
SCH-NAK-I08-01,NAKASATO,NA-01,8,Inbound,Daily,13:25
SCH-NAK-I09-02,NAKASATO,NA-02,9,Inbound,Daily,13:30
SCH-NAK-I09-01,NAKASATO,NA-01,9,Inbound,Daily,13:45
SCH-NAK-I10-02,NAKASATO,NA-02,10,Inbound,Daily,13:50
SCH-NAK-I10-01,NAKASATO,NA-01,10,Inbound,Daily,14:05
SCH-NAK-I11-02,NAKASATO,NA-02,11,Inbound,Daily,14:10
SCH-NAK-I11-01,NAKASATO,NA-01,11,Inbound,Daily,14:25
SCH-NAK-I12-02,NAKASATO,NA-02,12,Inbound,Daily,14:30
SCH-NAK-I12-01,NAKASATO,NA-01,12,Inbound,Daily,14:45
SCH-NAK-I13-02,NAKASATO,NA-02,13,Inbound,Daily,14:50
SCH-NAK-I13-01,NAKASATO,NA-01,13,Inbound,Daily,15:05
SCH-NAK-I14-02,NAKASATO,NA-02,14,Inbound,Daily,15:10
SCH-NAK-I14-01,NAKASATO,NA-01,14,Inbound,Daily,15:25
SCH-NAK-I15-02,NAKASATO,NA-02,15,Inbound,Daily,15:30
SCH-NAK-I15-01,NAKASATO,NA-01,15,Inbound,Daily,15:45
SCH-NAK-I16-02,NAKASATO,NA-02,16,Inbound,Daily,15:50
SCH-NAK-I16-01,NAKASATO,NA-01,16,Inbound,Daily,16:05
SCH-NAK-I17-02,NAKASATO,NA-02,17,Inbound,Daily,16:10
SCH-NAK-I17-01,NAKASATO,NA-01,17,Inbound,Daily,16:25
SCH-NAK-I18-02,NAKASATO,NA-02,18,Inbound,Daily,16:30
SCH-NAK-I18-01,NAKASATO,NA-01,18,Inbound,Daily,16:45
SCH-NAK-I19-02,NAKASATO,NA-02,19,Inbound,Daily,16:50
SCH-NAK-I19-01,NAKASATO,NA-01,19,Inbound,Daily,17:05
SCH-NAK-I20-02,NAKASATO,NA-02,20,Inbound,Daily,17:10
SCH-NAK-I20-01,NAKASATO,NA-01,20,Inbound,Daily,17:25
SCH-NAK-I21-02,NAKASATO,NA-02,21,Inbound,Daily,17:30
SCH-NAK-I21-01,NAKASATO,NA-01,21,Inbound,Daily,17:45
CSS-01,CHATEAU_SHIOZAWA,CS-01,1,To_Resort,Daily_Guests_Only,9:00,> **Operational Metadata:**
CSS-02,CHATEAU_SHIOZAWA,CS-01,2,To_Resort,Daily_Guests_Only,9:30,> * Service is reserved exclusively for guests staying at **Chateau Tell Ipponsugi (シャトーテル一本杉)** or **Chateau Tell Yoshizato (シャトーテル吉里)**
CSS-03,CHATEAU_SHIOZAWA,CS-01,3,To_Resort,Daily_Guests_Only,10:00,
CSS-04,CHATEAU_SHIOZAWA,CS-01,4,To_Resort,Daily_Guests_Only,11:00,
CSS-05,CHATEAU_SHIOZAWA,CS-02,1,To_Resort,Daily_Guests_Only,11:50,> * Pickups from **Echigo-Yuzawa Station** run only during the morning window (`09:00`–`11:00`) after which inbound pickups shift to **Shiozawa Station** (`11:50`–`17:30`)
CSS-06,CHATEAU_SHIOZAWA,CS-02,2,To_Resort,Daily_Guests_Only,12:40,
CSS-07,CHATEAU_SHIOZAWA,CS-02,3,To_Resort,Daily_Guests_Only,13:40,
CSS-08,CHATEAU_SHIOZAWA,CS-02,4,To_Resort,Daily_Guests_Only,14:40,> * Outbound return trips run to **Shiozawa Station** in the morning (`09:00`–`12:10`) after which inbound pickups shift to **Shiozawa Station** (`11:50`–`17:30`)
CSS-09,CHATEAU_SHIOZAWA,CS-02,5,To_Resort,Daily_Guests_Only,15:40,
CSS-10,CHATEAU_SHIOZAWA,CS-02,6,To_Resort,Daily_Guests_Only,16:30,
CSS-11,CHATEAU_SHIOZAWA,CS-02,7,To_Resort,Daily_Guests_Only,17:30,
CSS-12,CHATEAU_SHIOZAWA,CS-03,1,To_Shiozawa_Sta,Daily_Guests_Only,9:00,
CSS-13,CHATEAU_SHIOZAWA,CS-04,1,To_Shiozawa_Sta,Daily_Guests_Only,9:10,
CSS-14,CHATEAU_SHIOZAWA,CS-03,2,To_Shiozawa_Sta,Daily_Guests_Only,10:00,
CSS-15,CHATEAU_SHIOZAWA,CS-04,2,To_Shiozawa_Sta,Daily_Guests_Only,10:10,
CSS-16,CHATEAU_SHIOZAWA,CS-03,3,To_Shiozawa_Sta,Daily_Guests_Only,11:00,
CSS-17,CHATEAU_SHIOZAWA,CS-04,3,To_Shiozawa_Sta,Daily_Guests_Only,11:10,
CSS-18,CHATEAU_SHIOZAWA,CS-03,4,To_Shiozawa_Sta,Daily_Guests_Only,12:00,
CSS-19,CHATEAU_SHIOZAWA,CS-04,4,To_Shiozawa_Sta,Daily_Guests_Only,12:10,
CSS-20,CHATEAU_SHIOZAWA,CS-03,5,To_Yuzawa_Sta,Daily_Guests_Only,14:20,
CSS-21,CHATEAU_SHIOZAWA,CS-04,5,To_Yuzawa_Sta,Daily_Guests_Only,14:30,
CSS-22,CHATEAU_SHIOZAWA,CS-03,6,To_Yuzawa_Sta,Daily_Guests_Only,15:20,
CSS-23,CHATEAU_SHIOZAWA,CS-04,6,To_Yuzawa_Sta,Daily_Guests_Only,15:30,
CSS-24,CHATEAU_SHIOZAWA,CS-03,7,To_Yuzawa_Sta,Daily_Guests_Only,16:10,
CSS-25,CHATEAU_SHIOZAWA,CS-04,7,To_Yuzawa_Sta,Daily_Guests_Only,16:20,
CSS-26,CHATEAU_SHIOZAWA,CS-03,8,To_Yuzawa_Sta,Daily_Guests_Only,16:50,
CSS-27,CHATEAU_SHIOZAWA,CS-04,8,To_Yuzawa_Sta,Daily_Guests_Only,17:00,
CSS-28,CHATEAU_SHIOZAWA,CS-03,9,To_Yuzawa_Sta,Daily_Guests_Only,17:20,
CSS-29,CHATEAU_SHIOZAWA,CS-04,9,To_Yuzawa_Sta,Daily_Guests_Only,17:30,
KNS-01,KAGURA_LOCAL,KN-01,1,To_Naeba,Daily,5:35,
KNS-02,KAGURA_EXPRESS,KN-01,2,To_Naeba,Weekday,7:40,
KNS-03,KAGURA_EXPRESS,KN-01,2,To_Naeba,Weekend/Holiday,7:40,
KNS-04,KAGURA_LOCAL,KN-01,3,To_Naeba,Daily,8:20,
KNS-05,KAGURA_EXPRESS,KN-01,4,To_Naeba,Daily,8:40,
KNS-06,KAGURA_EXPRESS,KN-01,5,To_Naeba,Weekend/Holiday,9:10,
KNS-07,KAGURA_LOCAL,KN-01,6,To_Naeba,Daily,9:40,
KNS-08,KAGURA_EXPRESS,KN-01,7,To_Naeba,Weekend/Holiday,10:00,
KNS-09,KAGURA_EXPRESS,KN-01,8,To_Naeba,Daily,11:00,
KNS-10,KAGURA_LOCAL,KN-01,9,To_Naeba,Daily,11:50,
KNS-11,KAGURA_LOCAL,KN-01,10,To_Naeba,Daily,13:10,
KNS-12,KAGURA_EXPRESS,KN-02,11,To_Naeba,Weekend/Holiday,15:33,
KNS-13,KAGURA_LOCAL,KN-01,12,To_Naeba,Daily,15:30,
KNS-14,KAGURA_EXPRESS,KN-02,13,To_Naeba,Daily,15:58,
KNS-15,KAGURA_EXPRESS,KN-02,14,To_Naeba,Weekend/Holiday,16:43,
KNS-16,KAGURA_LOCAL,KN-01,15,To_Naeba,Daily,17:15,
KNS-17,KAGURA_LOCAL,KN-01,16,To_Naeba,Daily,18:40,
KNS-18,KAGURA_LOCAL,KN-09,1,To_Station,Daily,6:20,
KNS-19,KAGURA_EXPRESS,KN-08,2,To_Station,Weekend/Holiday,8:35,
KNS-20,KAGURA_LOCAL,KN-09,3,To_Station,Daily,9:20,
KNS-21,KAGURA_EXPRESS,KN-08,4,To_Station,Daily,9:35,
KNS-22,KAGURA_EXPRESS,KN-08,5,To_Station,Weekend/Holiday,10:05,
KNS-23,KAGURA_LOCAL,KN-09,6,To_Station,Daily,10:40,
KNS-24,KAGURA_EXPRESS,KN-08,7,To_Station,Weekend/Holiday,10:55,
KNS-25,KAGURA_EXPRESS,KN-08,8,To_Station,Daily,11:55,
KNS-26,KAGURA_LOCAL,KN-09,9,To_Station,Daily,12:50,
KNS-27,KAGURA_LOCAL,KN-09,10,To_Station,Daily,14:10,
KNS-28,KAGURA_EXPRESS,KN-08,11,To_Station,Weekend/Holiday,14:40,
KNS-29,KAGURA_EXPRESS,KN-05,12,To_Station,Weekday,14:55,
KNS-30,KAGURA_EXPRESS,KN-08,13,To_Station,Weekend/Holiday,15:10,
KNS-31,KAGURA_EXPRESS,KN-08,14,To_Station,Weekend/Holiday,16:10,
KNS-32,KAGURA_EXPRESS,KN-05,15,To_Station,Weekday,16:25,
KNS-33,KAGURA_EXPRESS,KN-08,16,To_Station,Daily,16:35,
KNS-34,KAGURA_LOCAL,KN-09,17,To_Station,Daily,16:45,
KNS-35,KAGURA_EXPRESS,KN-08,18,To_Station,Weekend/Holiday,17:20,
KNS-36,KAGURA_LOCAL,KN-09,19,To_Station,Daily,18:15,
KNS-37,KAGURA_LOCAL,KN-09,20,To_Station,Daily,19:32,
MHS-01,MAIKO_HOTEL,MK-01,1,To_Hotel,Daily,8:10,> **Operational Metadata & Rules:**
MHS-02,MAIKO_HOTEL,MK-04,1,To_Station,Daily,8:50,> * **Two Distinct Routes:** Route A (`MAIKO_HOTEL`) loops through Kadoya and Maiko Parking before terminating at Maiko Kogen Hotel; Route B (`MAIKO_DIRECT`) is a direct non-stop connection between Echigo-Yuzawa Station and the Day Ski Center Gondola base.
MHS-03,MAIKO_HOTEL,MK-01,2,To_Hotel,Daily,9:30,
MHS-04,MAIKO_HOTEL,MK-01,3,To_Hotel,Daily,10:50,
MHS-05,MAIKO_HOTEL,MK-04,2,To_Station,Daily,10:10,
MHS-06,MAIKO_HOTEL,MK-04,3,To_Station,Daily,11:30,"
> * **Evening Hotel Reservation:** Trip `18:20` from Echigo-Yuzawa Station is strictly for registered guests of Maiko Kogen Hotel and requires phone reservation by 12:00 PM on the day of travel (`025-783-3511`)."
MHS-07,MAIKO_HOTEL,MK-01,4,To_Hotel,Daily,12:10,
MHS-08,MAIKO_HOTEL,MK-04,4,To_Station,Daily,13:50,
MHS-09,MAIKO_HOTEL,MK-01,5,To_Hotel,Daily,14:30,
MHS-10,MAIKO_HOTEL,MK-04,5,To_Station,Daily,15:10,"
> * **Night Ski Return Variations:** On Sunday night ski days and year-end/New Year's, the return departs at `19:15`. On Saturday night ski days (and specific dates 1/2, 1/11, 2/22), departure shifts to `20:15`."
MHS-11,MAIKO_HOTEL,MK-01,6,To_Hotel,Daily,15:50,
MHS-12,MAIKO_HOTEL,MK-04,6,To_Station,Daily,16:20,
MHS-13,MAIKO_HOTEL,MK-01,7,To_Hotel,Daily,17:00,
MHS-14,MAIKO_HOTEL,MK-04,7,To_Station,Daily,17:40,
MHS-15,MAIKO_HOTEL,MK-01,8,To_Hotel,Guests_Only_Reservation,18:20,
MHS-16,MAIKO_HOTEL,MK-04,8,To_Station,Night_Sun_Holiday,19:15,
MHS-17,MAIKO_HOTEL,MK-04,9,To_Station,Night_Sat_Special,20:15,
MDS-01,MAIKO_DIRECT,MK-01,1,To_Resort,Weekend/Holiday,7:50,
MDS-02,MAIKO_DIRECT,MK-01,2,To_Resort,Weekday,8:00,
MDS-03,MAIKO_DIRECT,MK-01,3,To_Resort,Daily,8:20,
MDS-04,MAIKO_DIRECT,MK-01,4,To_Resort,Daily,8:40,
MDS-05,MAIKO_DIRECT,MK-01,5,To_Resort,Daily,9:00,
MDS-06,MAIKO_DIRECT,MK-01,6,To_Resort,Daily,9:20,
MDS-07,MAIKO_DIRECT,MK-01,7,To_Resort,Daily,9:40,
MDS-08,MAIKO_DIRECT,MK-01,8,To_Resort,Weekend/Holiday,10:00,
MDS-09,MAIKO_DIRECT,MK-01,9,To_Resort,Daily,10:30,
MDS-10,MAIKO_DIRECT,MK-01,10,To_Resort,Daily,11:30,
MDS-11,MAIKO_DIRECT,MK-05,1,To_Station,Daily,13:30,
MDS-12,MAIKO_DIRECT,MK-05,2,To_Station,Daily,14:30,
MDS-13,MAIKO_DIRECT,MK-05,3,To_Station,Daily,15:30,
MDS-14,MAIKO_DIRECT,MK-05,4,To_Station,Daily,16:00,
MDS-15,MAIKO_DIRECT,MK-05,5,To_Station,Daily,16:20,
MDS-16,MAIKO_DIRECT,MK-05,6,To_Station,Daily,16:40,
MDS-17,MAIKO_DIRECT,MK-05,7,To_Station,Daily,17:00,
MDS-18,MAIKO_DIRECT,MK-05,8,To_Station,Daily,17:20,
MDS-19,MAIKO_DIRECT,MK-05,9,To_Station,Daily,17:40,
MDS-20,MAIKO_DIRECT,MK-05,10,To_Station,Weekend/Holiday,18:10,
MCS-01,MUICA,MC-01,1,To_Resort,Daily,8:50,
MCS-02,MUICA,MC-01,2,To_Resort,Daily,9:40,
MCS-03,MUICA,MC-01,3,To_Resort,Daily,11:10,
MCS-04,MUICA,MC-01,4,To_Resort,Daily,12:50,
MCS-05,MUICA,MC-01,5,To_Resort,Daily,13:50,
MCS-06,MUICA,MC-01,6,To_Resort,Daily,14:50,
MCS-07,MUICA,MC-01,7,To_Resort,Daily,15:50,
MCS-08,MUICA,MC-02,1,To_Station,Daily,8:25,
MCS-09,MUICA,MC-02,2,To_Station,Daily,9:10,
MCS-10,MUICA,MC-02,3,To_Station,Daily,10:30,
MCS-11,MUICA,MC-02,4,To_Station,Daily,12:10,
MCS-12,MUICA,MC-02,5,To_Station,Daily,13:05,
MCS-13,MUICA,MC-02,6,To_Station,Daily,14:20,
MCS-14,MUICA,MC-02,7,To_Station,Daily,15:05,
MCS-15,MUICA,MC-02,8,To_Station,Daily,16:05,
MCS-16,MUICA,MC-02,9,To_Station,Daily,17:00,
